413,https://quilt-public-production.s3.eu-west-1.amazonaws.com/public_images/193c8487f2a51ac58efff4946885afb1
666,https://quilt-public-production.s3.eu-west-1.amazonaws.com/public_images/fd39b4dd981ef7d03c3953e340620a61
740,https://quilt-public-production.s3.eu-west-1.amazonaws.com/public_images/33c67ff9973666ccf955940bdfe77ada
780,https://quilt-public-production.s3.eu-west-1.amazonaws.com/public_images/e0bc604fe58c8e87c469c916e6ac09dd
820,https://quilt-public-production.s3.eu-west-1.amazonaws.com/public_images/5e64dc5061f9d732a9e02ee7f619994b
907,https://quilt-public-production.s3.eu-west-1.amazonaws.com/public_images/372b6d0d3e8886321302640d2109c0dc
3371,https://quilt-public-production.s3.eu-west-1.amazonaws.com/public_images/75fe53b89be4f00903a59d5e15d4bb50
3818,https://quilt-public-production.s3.eu-west-1.amazonaws.com/public_images/2a264b42b4ed0d01a78f87f8a8eadb72
B5200,https://quilt-public-production.s3.eu-west-1.amazonaws.com/public_images/449d35927a59b5e3a1997d418c0c769c
3685,
