01,https://quilt-public-production.s3.eu-west-1.amazonaws.com/public_images/402b94aebe03ba5ee9d7dd139103d70f
02,https://quilt-public-production.s3.eu-west-1.amazonaws.com/public_images/e2d7e3eac974b64afaa1742040175fc9
03,https://quilt-public-production.s3.eu-west-1.amazonaws.com/public_images/14d97c5badf619d4328a89711b7f1153
04,https://quilt-public-production.s3.eu-west-1.amazonaws.com/public_images/eb8dc0f111f39af58c3259106efe92f2
168,https://quilt-public-production.s3.eu-west-1.amazonaws.com/public_images/862beed480da2d5710644ed00caca310
169,https://quilt-public-production.s3.eu-west-1.amazonaws.com/public_images/36574101c35204119aab342bdb8c6dd9
27,https://quilt-public-production.s3.eu-west-1.amazonaws.com/public_images/33c5eab9d48748ce1cf15827ac84f055
3022,https://quilt-public-production.s3.eu-west-1.amazonaws.com/public_images/db215274eb21a9cc7e772552e814f1ce
3023,https://quilt-public-production.s3.eu-west-1.amazonaws.com/public_images/48c84f976a42b70d44afedab6fd47768
3024,https://quilt-public-production.s3.eu-west-1.amazonaws.com/public_images/2590c88c9dbfc153bfd64bfdb0124e8f
3072,https://quilt-public-production.s3.eu-west-1.amazonaws.com/public_images/dc52c52132760bbb3475b3f341618b88
317,https://quilt-public-production.s3.eu-west-1.amazonaws.com/public_images/5a768359a2251bbb7d932714e751df74
318,https://quilt-public-production.s3.eu-west-1.amazonaws.com/public_images/84bab5861b145a9340fc305c8c0cec7f
3747,https://quilt-public-production.s3.eu-west-1.amazonaws.com/public_images/8ee08fbc5228a7d564026f2c6c755ec0
3861,https://quilt-public-production.s3.eu-west-1.amazonaws.com/public_images/7c93b94127fff5714be11d79e0d5ea0c
413,https://quilt-public-production.s3.eu-west-1.amazonaws.com/public_images/193c8487f2a51ac58efff4946885afb1
414,https://quilt-public-production.s3.eu-west-1.amazonaws.com/public_images/df77b7e28333be9c20034955821bac22
415,https://quilt-public-production.s3.eu-west-1.amazonaws.com/public_images/f8da2724b6f482e9c126847fdeabc1eb
451,https://quilt-public-production.s3.eu-west-1.amazonaws.com/public_images/b50460defde2de7c8b81db34c1a25905
452,https://quilt-public-production.s3.eu-west-1.amazonaws.com/public_images/603c716befc4d2bfd294428847a360f9
453,https://quilt-public-production.s3.eu-west-1.amazonaws.com/public_images/7e7033d80ff21ff9da3ecba24bd73018
535,https://quilt-public-production.s3.eu-west-1.amazonaws.com/public_images/b830709e3a286513a99f55c6cda063a3
644,https://quilt-public-production.s3.eu-west-1.amazonaws.com/public_images/86a9d924d70aa05c858c9709ad3c12c2
647,https://quilt-public-production.s3.eu-west-1.amazonaws.com/public_images/072310faa1cd066e0ee4fa059c6696ac
648,https://quilt-public-production.s3.eu-west-1.amazonaws.com/public_images/c38918914644f8da49619a35b6d66724
05,https://quilt-public-production.s3.eu-west-1.amazonaws.com/public_images/5391af1bb483ab75e8de9353467e90ff
06,https://quilt-public-production.s3.eu-west-1.amazonaws.com/public_images/5ecae2771cb429fe461122926e223e25
07,https://quilt-public-production.s3.eu-west-1.amazonaws.com/public_images/89eead12a32d951dfd2be419ecbf400e
08,https://quilt-public-production.s3.eu-west-1.amazonaws.com/public_images/de5680f9eb4b46218e36a9e95431f0ee
09,https://quilt-public-production.s3.eu-west-1.amazonaws.com/public_images/ca004041e5e0c78298d67cb4c911c751
167,https://quilt-public-production.s3.eu-west-1.amazonaws.com/public_images/a59f03dd8b89b9390106a358646ac116
300,https://quilt-public-production.s3.eu-west-1.amazonaws.com/public_images/3da31da5089a9f4920be67a9472abfa4
301,https://quilt-public-production.s3.eu-west-1.amazonaws.com/public_images/3599d79ae8e40b07f99b81cf5e08899b
3032,https://quilt-public-production.s3.eu-west-1.amazonaws.com/public_images/a5537ab2ffc63f5e90d1f3e4d5cf2259
3033,https://quilt-public-production.s3.eu-west-1.amazonaws.com/public_images/be0a50a8b91a830cf4773f06139f1f59
3045,https://quilt-public-production.s3.eu-west-1.amazonaws.com/public_images/b21ef739270d909a28054ba4ff40a6fb
3046,https://quilt-public-production.s3.eu-west-1.amazonaws.com/public_images/cbb92093e58fe5ac4d51bca6cb5efb9d
3047,https://quilt-public-production.s3.eu-west-1.amazonaws.com/public_images/4fa96023e77b3032acc20bac7e2f7b0d
3064,https://quilt-public-production.s3.eu-west-1.amazonaws.com/public_images/f16129da9c5e82d7508947eb55928868
355,https://quilt-public-production.s3.eu-west-1.amazonaws.com/public_images/7352567f02b82dd95025e610cc8ce47c
356,https://quilt-public-production.s3.eu-west-1.amazonaws.com/public_images/8bf49c58aed07a09382667eef6bf6349
370,https://quilt-public-production.s3.eu-west-1.amazonaws.com/public_images/a164b04c4fca4596583e3c685453b0e9
371,https://quilt-public-production.s3.eu-west-1.amazonaws.com/public_images/877494a1372d831a620eaa3769b92c3b
372,https://quilt-public-production.s3.eu-west-1.amazonaws.com/public_images/47a63d7f9e38d17d6e87b95babd5144a
3771,https://quilt-public-production.s3.eu-west-1.amazonaws.com/public_images/cf0d075873281cfd6ec1246b68cadeb5
3772,https://quilt-public-production.s3.eu-west-1.amazonaws.com/public_images/2d71565659f2c3674a6317d8e57586fa
3774,https://quilt-public-production.s3.eu-west-1.amazonaws.com/public_images/30387166a6000bad514a4442c91e7bfe
3777,https://quilt-public-production.s3.eu-west-1.amazonaws.com/public_images/3931220340258faf4a6ca5033e97e467
3778,https://quilt-public-production.s3.eu-west-1.amazonaws.com/public_images/a89f85f7c27a58f4b769e01846d3d61f
3779,https://quilt-public-production.s3.eu-west-1.amazonaws.com/public_images/a84471a6cc95514df324e0d0b63b4c8a
3782,https://quilt-public-production.s3.eu-west-1.amazonaws.com/public_images/4dac126290e53c76f5793c727b1cfe56
3790,https://quilt-public-production.s3.eu-west-1.amazonaws.com/public_images/915db24ff315f84fa869601ac8b057c9
3826,https://quilt-public-production.s3.eu-west-1.amazonaws.com/public_images/239fb23f919a8cda3280af220803f46b
3828,https://quilt-public-production.s3.eu-west-1.amazonaws.com/public_images/e61941f924c4453f7cdadf5965f92c05
3829,https://quilt-public-production.s3.eu-west-1.amazonaws.com/public_images/4e992d27ef590b051db6fad6eef2e19c
3830,https://quilt-public-production.s3.eu-west-1.amazonaws.com/public_images/be2f35c3de9a03febb0f26dc1aac287b
3857,https://quilt-public-production.s3.eu-west-1.amazonaws.com/public_images/cd0c9c5d0b06a126f8fbcab01524675d
3858,https://quilt-public-production.s3.eu-west-1.amazonaws.com/public_images/bd37e2b24a4fc252abeb1a35884292a7
3859,https://quilt-public-production.s3.eu-west-1.amazonaws.com/public_images/b78e1b25d77d068b61bfc4840bbfa235
3860,https://quilt-public-production.s3.eu-west-1.amazonaws.com/public_images/57f6750afe0cb94a8a5c1b386f4e33d1
3862,https://quilt-public-production.s3.eu-west-1.amazonaws.com/public_images/27132a3fd816029d576d1eb55c304c63
3863,https://quilt-public-production.s3.eu-west-1.amazonaws.com/public_images/be6e62d6f120d39161081b6518ec07fa
3864,https://quilt-public-production.s3.eu-west-1.amazonaws.com/public_images/023820cc03850ee8c1bc0b709309bc4d
400,https://quilt-public-production.s3.eu-west-1.amazonaws.com/public_images/3ba52d26446736b3c11dc959e2ade52f
407,https://quilt-public-production.s3.eu-west-1.amazonaws.com/public_images/db0120c0b16c400474fee22f5091fc97
420,https://quilt-public-production.s3.eu-west-1.amazonaws.com/public_images/c0cc78579605f0e64d8dba3d9db7036c
422,https://quilt-public-production.s3.eu-west-1.amazonaws.com/public_images/0c405bc51f709a402c28ed4666219403
433,https://quilt-public-production.s3.eu-west-1.amazonaws.com/public_images/b45bf20c8a578a332e93aaa52ea02f2b
434,https://quilt-public-production.s3.eu-west-1.amazonaws.com/public_images/ffa621af2317f372710c39eb0d532083
435,https://quilt-public-production.s3.eu-west-1.amazonaws.com/public_images/77cdb37425a151491aee1deeecb6eb93
436,https://quilt-public-production.s3.eu-west-1.amazonaws.com/public_images/00910a7ef3ff6f9f39969814170db53a
437,https://quilt-public-production.s3.eu-west-1.amazonaws.com/public_images/860bb030fabf24219f7f53076e01a80c
543,https://quilt-public-production.s3.eu-west-1.amazonaws.com/public_images/95a7a8237531f18e26d0884691f10ac0
610,https://quilt-public-production.s3.eu-west-1.amazonaws.com/public_images/4a73dbca66e5cbc1c5fa21fbb4e1af5e
611,https://quilt-public-production.s3.eu-west-1.amazonaws.com/public_images/6b6ecbcbf584eb405a14bc4db0de9097
612,https://quilt-public-production.s3.eu-west-1.amazonaws.com/public_images/2e561dc5c49ba87553f1d15a26b89b27
613,https://quilt-public-production.s3.eu-west-1.amazonaws.com/public_images/5a2b1059d82d18fe54fa4f550f4e6d78
632,https://quilt-public-production.s3.eu-west-1.amazonaws.com/public_images/a6daace5814ebbf70e0515e84394c811
677,https://quilt-public-production.s3.eu-west-1.amazonaws.com/public_images/f298fde73ae3dbd26f8ae6fdf36021c8
680,https://quilt-public-production.s3.eu-west-1.amazonaws.com/public_images/b307939888f529bf25850172d2c4ce3c
729,https://quilt-public-production.s3.eu-west-1.amazonaws.com/public_images/f60e7bba5be34e5ad299e9a26fc4e21d
738,https://quilt-public-production.s3.eu-west-1.amazonaws.com/public_images/05b5c82811c436fc9980b47d8ed563d0
739,https://quilt-public-production.s3.eu-west-1.amazonaws.com/public_images/e6bf9fdc9ba68ee86143bdb0f173fc1e
754,https://quilt-public-production.s3.eu-west-1.amazonaws.com/public_images/bd0fec9d9f235e211cd4ea14ca267e04
758,https://quilt-public-production.s3.eu-west-1.amazonaws.com/public_images/03f5ae2e7b0012bef94840862281c0f2
779,https://quilt-public-production.s3.eu-west-1.amazonaws.com/public_images/9becc177c090ffbdf4fa04980d7bb510
780,https://quilt-public-production.s3.eu-west-1.amazonaws.com/public_images/e0bc604fe58c8e87c469c916e6ac09dd
782,https://quilt-public-production.s3.eu-west-1.amazonaws.com/public_images/262d45c7a5be5ed4508fe145cdecc6fa
801,https://quilt-public-production.s3.eu-west-1.amazonaws.com/public_images/28cf453d665093d000004e8062dd40f5
829,https://quilt-public-production.s3.eu-west-1.amazonaws.com/public_images/0ba69cdf37b861b21eb6d36246463837
830,https://quilt-public-production.s3.eu-west-1.amazonaws.com/public_images/d78e16b8d75b15a2a0bb7f1a9d8b4feb
831,https://quilt-public-production.s3.eu-west-1.amazonaws.com/public_images/2f679ef5e95baea5226bfe8892c2e0ff
832,https://quilt-public-production.s3.eu-west-1.amazonaws.com/public_images/58798148c4d42c0ebf3bd0ebaab561ab
833,https://quilt-public-production.s3.eu-west-1.amazonaws.com/public_images/bded76ece9fc77cf2e0f6423050268ca
834,https://quilt-public-production.s3.eu-west-1.amazonaws.com/public_images/dd9f7accdf825bda974c434192ed7c04
838,https://quilt-public-production.s3.eu-west-1.amazonaws.com/public_images/01368d8f389cffbb1b982c0ad53e0c23
839,https://quilt-public-production.s3.eu-west-1.amazonaws.com/public_images/d2de3281543d8f1d1b141d77e770881f
840,https://quilt-public-production.s3.eu-west-1.amazonaws.com/public_images/43fef84319f8f5b14e1b329377453ce8
841,https://quilt-public-production.s3.eu-west-1.amazonaws.com/public_images/6ef984e2839be7279c104a3da63862d9
842,https://quilt-public-production.s3.eu-west-1.amazonaws.com/public_images/2c992819fd1503a86d02c845331dd448
869,https://quilt-public-production.s3.eu-west-1.amazonaws.com/public_images/96e0394a545e104e149d46b27795bf22
898,https://quilt-public-production.s3.eu-west-1.amazonaws.com/public_images/ff8315cbff7aea5ec57e0c921a8f71c4
938,https://quilt-public-production.s3.eu-west-1.amazonaws.com/public_images/87a86a52f095358085d85b815480857e
945,https://quilt-public-production.s3.eu-west-1.amazonaws.com/public_images/7313210c6c7c2916ad65de5a4fa9b980
948,https://quilt-public-production.s3.eu-west-1.amazonaws.com/public_images/c9f8b29ac11fc1d371ab9571a49f78bd
950,https://quilt-public-production.s3.eu-west-1.amazonaws.com/public_images/e6d2f75b3256689b7eeb2f5254d08268
951,https://quilt-public-production.s3.eu-west-1.amazonaws.com/public_images/a3522202252f926f020c721ae4950872
975,https://quilt-public-production.s3.eu-west-1.amazonaws.com/public_images/cd3c400eb9190c5a29c9a8c6511b75d8
10,https://quilt-public-production.s3.eu-west-1.amazonaws.com/public_images/3e01be83428af6dd72902f732797ba14
11,https://quilt-public-production.s3.eu-west-1.amazonaws.com/public_images/c2761eb3a96f5412d1d62997a05f80f2
12,https://quilt-public-production.s3.eu-west-1.amazonaws.com/public_images/c768d05a44c5d25c47d589e8fcaa967a
165,https://quilt-public-production.s3.eu-west-1.amazonaws.com/public_images/186719f1dcd572546d32124543d2a8a2
166,https://quilt-public-production.s3.eu-west-1.amazonaws.com/public_images/48e8a9d1b7f3da7b41e5df57929fb967
17,https://quilt-public-production.s3.eu-west-1.amazonaws.com/public_images/873f3a81740e842d3f0a3a2613784169
18,https://quilt-public-production.s3.eu-west-1.amazonaws.com/public_images/54f57a93b09c44b7f5767897be167434
307,https://quilt-public-production.s3.eu-west-1.amazonaws.com/public_images/528b065506f9d8c7911b3c5dcb206e43
3078,https://quilt-public-production.s3.eu-west-1.amazonaws.com/public_images/9e3308bced2017ea7e78c01bbb6d140e
3819,https://quilt-public-production.s3.eu-west-1.amazonaws.com/public_images/a73573e923e516a33a8df9ee36f3a586
3820,https://quilt-public-production.s3.eu-west-1.amazonaws.com/public_images/bf1d47620808c51e7b428830205522f4
3821,https://quilt-public-production.s3.eu-west-1.amazonaws.com/public_images/50fd4887e277578a1b90cbc74137c51b
3822,https://quilt-public-production.s3.eu-west-1.amazonaws.com/public_images/e81f1eaa04029dbd368ee4a01c6e7eb0
3823,https://quilt-public-production.s3.eu-west-1.amazonaws.com/public_images/6c600d63d52d98892448495a9f536434
444,https://quilt-public-production.s3.eu-west-1.amazonaws.com/public_images/76aed6d9e421c073f3f54ae80a411da1
445,https://quilt-public-production.s3.eu-west-1.amazonaws.com/public_images/5deab4f5df71ca7b5986f60fc1c8ba9c
472,https://quilt-public-production.s3.eu-west-1.amazonaws.com/public_images/5519e869b62612b6a8d125ad8ce9389c
726,https://quilt-public-production.s3.eu-west-1.amazonaws.com/public_images/06e3ba710d022cb0c15e2f003e49f0d6
727,https://quilt-public-production.s3.eu-west-1.amazonaws.com/public_images/489215fac4406e4c0873d42912ec8662
728,https://quilt-public-production.s3.eu-west-1.amazonaws.com/public_images/8eca1f63b7a9e069e911731682a6a352
19,https://quilt-public-production.s3.eu-west-1.amazonaws.com/public_images/bbf6fcb1112707cc060e40f2fe3bc821
20,https://quilt-public-production.s3.eu-west-1.amazonaws.com/public_images/70cc164dbd0014c1a9dca79ef611219a
3341,https://quilt-public-production.s3.eu-west-1.amazonaws.com/public_images/a2f41f5f66588857093cba266389e7b0
352,https://quilt-public-production.s3.eu-west-1.amazonaws.com/public_images/3ac26440754cc74a4593328e3bd120d9
3776,https://quilt-public-production.s3.eu-west-1.amazonaws.com/public_images/95e5e77e991b223e5ce7e8a1bbf7e53c
3825,https://quilt-public-production.s3.eu-west-1.amazonaws.com/public_images/378327a34cf3d160046fe75c7c738e90
3827,https://quilt-public-production.s3.eu-west-1.amazonaws.com/public_images/06da1fb23847f44340a5fdd9d448bc76
3852,https://quilt-public-production.s3.eu-west-1.amazonaws.com/public_images/803a38c12659377ee6c90fb28c82ed27
3853,https://quilt-public-production.s3.eu-west-1.amazonaws.com/public_images/1519ac31000666f916988c31f756108e
3854,https://quilt-public-production.s3.eu-west-1.amazonaws.com/public_images/663d7965997431622f992a69e7d063fa
3855,https://quilt-public-production.s3.eu-west-1.amazonaws.com/public_images/19620ba0f79669d450908bbbf56af512
3856,https://quilt-public-production.s3.eu-west-1.amazonaws.com/public_images/007d2df475ff13be12e0cae846d8fad9
402,https://quilt-public-production.s3.eu-west-1.amazonaws.com/public_images/383c09be4d865282e87b2b57b30905a6
676,https://quilt-public-production.s3.eu-west-1.amazonaws.com/public_images/a87e63cd638370b30b69634c57e42a1b
721,https://quilt-public-production.s3.eu-west-1.amazonaws.com/public_images/f03d9b215e9fc38d88bef83c3250a2b9
722,https://quilt-public-production.s3.eu-west-1.amazonaws.com/public_images/dbd2f3fe4cb86ed46fdf9f4015f54910
725,https://quilt-public-production.s3.eu-west-1.amazonaws.com/public_images/3584b7ad56b9e32832a4fa3e79cfb3f6
740,https://quilt-public-production.s3.eu-west-1.amazonaws.com/public_images/33c67ff9973666ccf955940bdfe77ada
741,https://quilt-public-production.s3.eu-west-1.amazonaws.com/public_images/1020b3b32c522de1cee205deb39aacaa
742,https://quilt-public-production.s3.eu-west-1.amazonaws.com/public_images/067982ac0a85f85aa0766705c0a6c6a9
743,https://quilt-public-production.s3.eu-west-1.amazonaws.com/public_images/4c696e07f24ddb12c5adf34f8ebc1611
744,https://quilt-public-production.s3.eu-west-1.amazonaws.com/public_images/d7a305da8517c89248adb4eb5969e899
745,https://quilt-public-production.s3.eu-west-1.amazonaws.com/public_images/d50534af447a63bacb5a4becd2e7aa50
783,https://quilt-public-production.s3.eu-west-1.amazonaws.com/public_images/112567a7035e0b2b2310573ec8b08c54
922,https://quilt-public-production.s3.eu-west-1.amazonaws.com/public_images/81310d590a3f35d77e382a4c429cca49
970,https://quilt-public-production.s3.eu-west-1.amazonaws.com/public_images/7a2123902a12df57e960d23d64f0da1c
972,https://quilt-public-production.s3.eu-west-1.amazonaws.com/public_images/b8d9f899c3b09a3259d6f7149d6d4e8d
973,https://quilt-public-production.s3.eu-west-1.amazonaws.com/public_images/090d6ffe590af109a1a8eaae9d576190
976,https://quilt-public-production.s3.eu-west-1.amazonaws.com/public_images/3caba17d2e3a9c18a29d25fabc32117d
977,https://quilt-public-production.s3.eu-west-1.amazonaws.com/public_images/1fdbfd159326c955a4b1bc12bcf2870a
150,https://quilt-public-production.s3.eu-west-1.amazonaws.com/public_images/8e02a9ca17733279dd23e5ac32bd7f91
21,https://quilt-public-production.s3.eu-west-1.amazonaws.com/public_images/b8759701cb284b429223f3856508f529
22,https://quilt-public-production.s3.eu-west-1.amazonaws.com/public_images/e69a7e79c3049113b370d2cac43ae910
221,https://quilt-public-production.s3.eu-west-1.amazonaws.com/public_images/fd8280a5d56d67b020ce4b99973286cc
304,https://quilt-public-production.s3.eu-west-1.amazonaws.com/public_images/9f941385011c2c0b81f28fd8696c932a
309,https://quilt-public-production.s3.eu-west-1.amazonaws.com/public_images/ac958e50282fd4b9e59dfe41f511e6c7
321,https://quilt-public-production.s3.eu-west-1.amazonaws.com/public_images/483de10356e457dcf63281992ff596e6
326,https://quilt-public-production.s3.eu-west-1.amazonaws.com/public_images/599105f540112109b0abd87860520636
3328,https://quilt-public-production.s3.eu-west-1.amazonaws.com/public_images/875ea77a4a3bb932662c207e633c1d58
3340,https://quilt-public-production.s3.eu-west-1.amazonaws.com/public_images/8b00d643150eeb6fc4325acc0b5bb909
3350,https://quilt-public-production.s3.eu-west-1.amazonaws.com/public_images/00b1730a725ffe13f907ab538d551b32
347,https://quilt-public-production.s3.eu-west-1.amazonaws.com/public_images/4ce32b6d22b8bf9a39a35e5d2d474eeb
349,https://quilt-public-production.s3.eu-west-1.amazonaws.com/public_images/66e9eaab2bbf402e02e9cfbc989627eb
350,https://quilt-public-production.s3.eu-west-1.amazonaws.com/public_images/09781b828da4fda147825f0f29cbfc26
351,https://quilt-public-production.s3.eu-west-1.amazonaws.com/public_images/7d3694ffcbff13bdc26782437810133b
3705,https://quilt-public-production.s3.eu-west-1.amazonaws.com/public_images/c95a9b8a2a56c84a7ac33dac0fb65a3a
3801,https://quilt-public-production.s3.eu-west-1.amazonaws.com/public_images/f2887abfab56841a8debdc0560881a7c
3831,https://quilt-public-production.s3.eu-west-1.amazonaws.com/public_images/17844f34841c61a1b1f8b6d025b2d358
3832,https://quilt-public-production.s3.eu-west-1.amazonaws.com/public_images/4d6a22775db9a4cf8a5e72fdeefa5bfb
498,https://quilt-public-production.s3.eu-west-1.amazonaws.com/public_images/49369d034ae621e0053db0f58791bbc5
600,https://quilt-public-production.s3.eu-west-1.amazonaws.com/public_images/4a45a3d4e6887a56c4cfae34662028ab
601,https://quilt-public-production.s3.eu-west-1.amazonaws.com/public_images/cf051beed4738945a50dab36536d8364
606,https://quilt-public-production.s3.eu-west-1.amazonaws.com/public_images/d36c63f1abbeafd00ddc3a7407ea0421
608,https://quilt-public-production.s3.eu-west-1.amazonaws.com/public_images/76a521445adb61c56d9ff043bf83794b
666,https://quilt-public-production.s3.eu-west-1.amazonaws.com/public_images/fd39b4dd981ef7d03c3953e340620a61
720,https://quilt-public-production.s3.eu-west-1.amazonaws.com/public_images/fb5c9faba428d7f1c7276bad342a9d73
777,https://quilt-public-production.s3.eu-west-1.amazonaws.com/public_images/15627a7c38e326b9922759145f5c69e4
814,https://quilt-public-production.s3.eu-west-1.amazonaws.com/public_images/78d4065730eef3be2b5ec49554b18663
815,https://quilt-public-production.s3.eu-west-1.amazonaws.com/public_images/3415a319b596f87349fcf3d13da8b1c0
816,https://quilt-public-production.s3.eu-west-1.amazonaws.com/public_images/c99ea90f8396188c4a856593704e3389
817,https://quilt-public-production.s3.eu-west-1.amazonaws.com/public_images/e3f0cf7285964ee315a41394bab28707
891,https://quilt-public-production.s3.eu-west-1.amazonaws.com/public_images/1c6ad864b0bf7118537587c347ff3d7c
892,https://quilt-public-production.s3.eu-west-1.amazonaws.com/public_images/4371ffa6974a72061378365e0045d3f4
893,https://quilt-public-production.s3.eu-west-1.amazonaws.com/public_images/a57dc9490be4b72438b991d5b104a48e
900,https://quilt-public-production.s3.eu-west-1.amazonaws.com/public_images/1bf3d27852117dcfb54d1daa3d766fdd
902,https://quilt-public-production.s3.eu-west-1.amazonaws.com/public_images/2744e0fd525b6fd106b9ea24aecf30e8
918,https://quilt-public-production.s3.eu-west-1.amazonaws.com/public_images/bc4d3b9d6a3246331cfdff1ecfee5d0b
919,https://quilt-public-production.s3.eu-west-1.amazonaws.com/public_images/49e5f227fc99ceb6455dd15bf430db8a
920,https://quilt-public-production.s3.eu-west-1.amazonaws.com/public_images/14e0d6218f1393637d38e108efef8207
921,https://quilt-public-production.s3.eu-west-1.amazonaws.com/public_images/396181436e4faa692e336ca96c020180
946,https://quilt-public-production.s3.eu-west-1.amazonaws.com/public_images/27bc27326bcf6d566b5bc25da6c0942d
947,https://quilt-public-production.s3.eu-west-1.amazonaws.com/public_images/a8dc814b8b51352bcd65e6a0f9020c61
157,https://quilt-public-production.s3.eu-west-1.amazonaws.com/public_images/9a2902923b7348a0b9ad264248394961
158,https://quilt-public-production.s3.eu-west-1.amazonaws.com/public_images/4fa692850ef651701a2d017726f68ba5
159,https://quilt-public-production.s3.eu-west-1.amazonaws.com/public_images/7fe844f9630e2040d9854d0dbfce79bb
160,https://quilt-public-production.s3.eu-west-1.amazonaws.com/public_images/f36b7434da14a8ebe05f9fa010b3878c
161,https://quilt-public-production.s3.eu-west-1.amazonaws.com/public_images/82d9506b89e5f6c21086b09cb1fdd2a2
162,https://quilt-public-production.s3.eu-west-1.amazonaws.com/public_images/7e4071cf634d84a91f839da7498be7c7
28,https://quilt-public-production.s3.eu-west-1.amazonaws.com/public_images/59b3abb1bd588b3d28bf38c32c78bfa7
311,https://quilt-public-production.s3.eu-west-1.amazonaws.com/public_images/c4d58694715dfcfa4f6513a2f132f22b
312,https://quilt-public-production.s3.eu-west-1.amazonaws.com/public_images/04297c3548d098c066327c08b6b80542
322,https://quilt-public-production.s3.eu-west-1.amazonaws.com/public_images/948987f1f7a530f07349cb9ad1b0aa8a
3325,https://quilt-public-production.s3.eu-west-1.amazonaws.com/public_images/e24d05aca464193dabfdb5ca10636bfe
334,https://quilt-public-production.s3.eu-west-1.amazonaws.com/public_images/b4f454f5919f7c55a2d8faed2f0fc198
341,https://quilt-public-production.s3.eu-west-1.amazonaws.com/public_images/c82d987589674dc7f98ce40863898bce
3750,https://quilt-public-production.s3.eu-west-1.amazonaws.com/public_images/5d7dcc85b60de92b2fe6be4445ae7671
3752,https://quilt-public-production.s3.eu-west-1.amazonaws.com/public_images/0a2fb5064037a51dc960d548eb0dc4d9
3753,https://quilt-public-production.s3.eu-west-1.amazonaws.com/public_images/7c02198745cfcda1d07ddc56dfac53c9
3755,https://quilt-public-production.s3.eu-west-1.amazonaws.com/public_images/e9f7a09946cf2efb52d77ff79faa833e
3760,https://quilt-public-production.s3.eu-west-1.amazonaws.com/public_images/f0687638647ed0440703f351cf4fd22e
3761,https://quilt-public-production.s3.eu-west-1.amazonaws.com/public_images/a94c7aeb538e3f5afda676c0303b6a90
3765,https://quilt-public-production.s3.eu-west-1.amazonaws.com/public_images/201b72670147acd5ab158d4ce305c7ee
3766,https://quilt-public-production.s3.eu-west-1.amazonaws.com/public_images/e21445ea0bcb7dc6d632bd4319b31812
3768,https://quilt-public-production.s3.eu-west-1.amazonaws.com/public_images/b41591f04b8a6789c56c5b45a297fa73
3799,https://quilt-public-production.s3.eu-west-1.amazonaws.com/public_images/0d20c4dff3f90bfd6665a4a6004eccc4
3807,https://quilt-public-production.s3.eu-west-1.amazonaws.com/public_images/2a17ee736faceafcaa978ef440454887
3808,https://quilt-public-production.s3.eu-west-1.amazonaws.com/public_images/ef6bafe9535bbe3e77f4cf3bef16f4b3
3809,https://quilt-public-production.s3.eu-west-1.amazonaws.com/public_images/cd5837778463ffdf463d4996d148d3a8
3810,https://quilt-public-production.s3.eu-west-1.amazonaws.com/public_images/a8d264dc82762ef40227a357fffa84a5
3811,https://quilt-public-production.s3.eu-west-1.amazonaws.com/public_images/f8590a6eba642661e971575166bab1e6
3838,https://quilt-public-production.s3.eu-west-1.amazonaws.com/public_images/8f5c468a2935a9504fec64a9ac0c4f2d
3839,https://quilt-public-production.s3.eu-west-1.amazonaws.com/public_images/e3be40fe5a523e2a7b99843b5a21881c
3840,https://quilt-public-production.s3.eu-west-1.amazonaws.com/public_images/89d8276a3ffbb6ed1c445b71d10b463d
3841,https://quilt-public-production.s3.eu-west-1.amazonaws.com/public_images/801165174d89ca6a7b3311e2bc25bdf2
3842,https://quilt-public-production.s3.eu-west-1.amazonaws.com/public_images/4d3293bd0bfc7f88b969e5631708e8d1
3843,https://quilt-public-production.s3.eu-west-1.amazonaws.com/public_images/5ca9c0d1aab07575932130c05f448087
3844,https://quilt-public-production.s3.eu-west-1.amazonaws.com/public_images/1f08b65bd4aed9a03fb6f026f7d26b2c
3845,https://quilt-public-production.s3.eu-west-1.amazonaws.com/public_images/a1cf685515819063bb1072f6471b56d6
3846,https://quilt-public-production.s3.eu-west-1.amazonaws.com/public_images/0dfa05f9a5dd8841047517b6c108538d
500,https://quilt-public-production.s3.eu-west-1.amazonaws.com/public_images/9cd62adb1c186244485143cecb56754f
517,https://quilt-public-production.s3.eu-west-1.amazonaws.com/public_images/0baeac3b5355d607480f610d404a8d1e
518,https://quilt-public-production.s3.eu-west-1.amazonaws.com/public_images/f3e84b472995dcef55fad57ba2ba8936
519,https://quilt-public-production.s3.eu-west-1.amazonaws.com/public_images/508dca8d3ee957707b355b4c1ac3ef55
597,https://quilt-public-production.s3.eu-west-1.amazonaws.com/public_images/3742887ce34cc860e25721daa921c7ac
598,https://quilt-public-production.s3.eu-west-1.amazonaws.com/public_images/5fd44df3971573707bb633fad0123564
747,https://quilt-public-production.s3.eu-west-1.amazonaws.com/public_images/ea6576dc46d89363268755989184cbbd
775,https://quilt-public-production.s3.eu-west-1.amazonaws.com/public_images/3fb5731800f9f8fd9915725d5aebb57d
791,https://quilt-public-production.s3.eu-west-1.amazonaws.com/public_images/70db73d3ec2c4202a90350983b4ab7e2
792,https://quilt-public-production.s3.eu-west-1.amazonaws.com/public_images/2df86b40644909d94eaef840e6ab6fdb
793,https://quilt-public-production.s3.eu-west-1.amazonaws.com/public_images/cb2fc86f95a1052df3f0ff7be8e0b4c0
794,https://quilt-public-production.s3.eu-west-1.amazonaws.com/public_images/176d4bde3c5b2012fd906e27b48abadc
796,https://quilt-public-production.s3.eu-west-1.amazonaws.com/public_images/cfc70bdf883ec4e5d6a51aa11108ba2d
797,https://quilt-public-production.s3.eu-west-1.amazonaws.com/public_images/bab182a07f186937760d99fa59fd9a65
798,https://quilt-public-production.s3.eu-west-1.amazonaws.com/public_images/3ce8893a5ee4c7a95a85aceb07ed433b
799,https://quilt-public-production.s3.eu-west-1.amazonaws.com/public_images/d1b8d3235fe0e106dd25f0244446bc1e
800,https://quilt-public-production.s3.eu-west-1.amazonaws.com/public_images/c266e625c10e0d8279cb2110f3473015
803,https://quilt-public-production.s3.eu-west-1.amazonaws.com/public_images/0c2fc35204ad9b392f4307f4f0a0be62
807,https://quilt-public-production.s3.eu-west-1.amazonaws.com/public_images/283f7cc79c0787ebe29d4176a7770632
809,https://quilt-public-production.s3.eu-west-1.amazonaws.com/public_images/340f172546456d815daec1a19c5e90a2
813,https://quilt-public-production.s3.eu-west-1.amazonaws.com/public_images/22850ab4a8d0845587fcbd885927a8a5
820,https://quilt-public-production.s3.eu-west-1.amazonaws.com/public_images/5e64dc5061f9d732a9e02ee7f619994b
824,https://quilt-public-production.s3.eu-west-1.amazonaws.com/public_images/35995b4da036edfdc3ca6dfaf616a074
825,https://quilt-public-production.s3.eu-west-1.amazonaws.com/public_images/f5b583ebc9ad0fc9d1985bb9b13bab81
826,https://quilt-public-production.s3.eu-west-1.amazonaws.com/public_images/3d989e0dec11d6a60782396c6720161d
827,https://quilt-public-production.s3.eu-west-1.amazonaws.com/public_images/a73525270d527885c6f72c00123c85d1
828,https://quilt-public-production.s3.eu-west-1.amazonaws.com/public_images/a3fae0a7d797c8119aee616d29cf52a4
930,https://quilt-public-production.s3.eu-west-1.amazonaws.com/public_images/d786e6cc8e2e5e7a8115eebb30b0603c
931,https://quilt-public-production.s3.eu-west-1.amazonaws.com/public_images/6fef3afedddc6489a15d33d122a67877
932,https://quilt-public-production.s3.eu-west-1.amazonaws.com/public_images/510fc51f2e1e625f17d7972d572f6fca
995,https://quilt-public-production.s3.eu-west-1.amazonaws.com/public_images/a689c555be27dbe72216bc228067ae39
996,https://quilt-public-production.s3.eu-west-1.amazonaws.com/public_images/fd739584a24805a6f8c38da1d306d326
13,https://quilt-public-production.s3.eu-west-1.amazonaws.com/public_images/0ddf0ef75ead8f92738ed4006543347e
14,https://quilt-public-production.s3.eu-west-1.amazonaws.com/public_images/8c23b00bcff7f52a217b4b6bb6903a95
15,https://quilt-public-production.s3.eu-west-1.amazonaws.com/public_images/70624acb2143935e1cf4d7b7bf2e464c
16,https://quilt-public-production.s3.eu-west-1.amazonaws.com/public_images/2b86dac35b20ecde5c26841acf796c9f
163,https://quilt-public-production.s3.eu-west-1.amazonaws.com/public_images/78cd515abd7953ef6238527fda12b2dc
164,https://quilt-public-production.s3.eu-west-1.amazonaws.com/public_images/9819318e7b19a6c866b4376939ad476b
3011,https://quilt-public-production.s3.eu-west-1.amazonaws.com/public_images/09c5eb40c94686ede52fc0e2a090dcb6
3012,https://quilt-public-production.s3.eu-west-1.amazonaws.com/public_images/71ea3676643ef426d313dcbd1f318822
3013,https://quilt-public-production.s3.eu-west-1.amazonaws.com/public_images/43005f20c18b1f8dd4a3fcb7e86334de
3051,https://quilt-public-production.s3.eu-west-1.amazonaws.com/public_images/fb5cc6ac7ebe3cd6ea35b0c23aa95cb6
3052,https://quilt-public-production.s3.eu-west-1.amazonaws.com/public_images/25a69b4d8c9f227c2e07eac8ac105b46
3053,https://quilt-public-production.s3.eu-west-1.amazonaws.com/public_images/1925889f223dd563dda13f6271f12c2b
319,https://quilt-public-production.s3.eu-west-1.amazonaws.com/public_images/5fae9ffcb240e15c643a13f27da1ce49
320,https://quilt-public-production.s3.eu-west-1.amazonaws.com/public_images/8d9c4c8eb68471c6b7222990b43ec3da
3345,https://quilt-public-production.s3.eu-west-1.amazonaws.com/public_images/9d83d9e57cebe7b82f77965ea9ba707b
3346,https://quilt-public-production.s3.eu-west-1.amazonaws.com/public_images/3664b49ae85a6c558a2fd9395f3afe4f
3347,https://quilt-public-production.s3.eu-west-1.amazonaws.com/public_images/32ead9c62475f1687154c166ae038ebf
3348,https://quilt-public-production.s3.eu-west-1.amazonaws.com/public_images/eb1492baa41337932c5f018c4a468a4d
3362,https://quilt-public-production.s3.eu-west-1.amazonaws.com/public_images/6072ef129d4af64b54012a878db411f0
3363,https://quilt-public-production.s3.eu-west-1.amazonaws.com/public_images/197602ef31ea3530ad5d9bd0c07ee218
3364,https://quilt-public-production.s3.eu-west-1.amazonaws.com/public_images/b76d168bb6e72a89da98718a456d4934
367,https://quilt-public-production.s3.eu-west-1.amazonaws.com/public_images/e3e65fc5f07b2f89d91e15b95157cd28
368,https://quilt-public-production.s3.eu-west-1.amazonaws.com/public_images/6d8f092d80bb56f9ea807ceac74bbd4c
369,https://quilt-public-production.s3.eu-west-1.amazonaws.com/public_images/f64bd481a0eacd4dd5d9fa05e67aa396
3781,https://quilt-public-production.s3.eu-west-1.amazonaws.com/public_images/5809c5aaa2b7f2249ef02281969e3630
3787,https://quilt-public-production.s3.eu-west-1.amazonaws.com/public_images/4cc3a5ffb39d8d7570094369a6feef5a
3812,https://quilt-public-production.s3.eu-west-1.amazonaws.com/public_images/fa7e52c0576613859e4acbbdc3028cea
3813,https://quilt-public-production.s3.eu-west-1.amazonaws.com/public_images/c8942bbf11b3e4aa8a780fd7cacfef3a
3814,https://quilt-public-production.s3.eu-west-1.amazonaws.com/public_images/ff393d05da5cef493930f75ea5734826
3815,https://quilt-public-production.s3.eu-west-1.amazonaws.com/public_images/a8d00fbc487e6a03e42526c0621623dc
3816,https://quilt-public-production.s3.eu-west-1.amazonaws.com/public_images/ea82ccae8ae72c7e842fd665ce86f4f8
3817,https://quilt-public-production.s3.eu-west-1.amazonaws.com/public_images/0ec0324682270548610c906055c79433
3818,https://quilt-public-production.s3.eu-west-1.amazonaws.com/public_images/2a264b42b4ed0d01a78f87f8a8eadb72
3847,https://quilt-public-production.s3.eu-west-1.amazonaws.com/public_images/ec7325ed7208b77f329ab837653a502f
3848,https://quilt-public-production.s3.eu-west-1.amazonaws.com/public_images/a96b7f53839f545f93b6327cb904b5a6
3849,https://quilt-public-production.s3.eu-west-1.amazonaws.com/public_images/cda708a60059878642a6f042fc73560a
3850,https://quilt-public-production.s3.eu-west-1.amazonaws.com/public_images/77cda4c34fb79d4f500c1622c28b2bc6
3851,https://quilt-public-production.s3.eu-west-1.amazonaws.com/public_images/284802f5a6865d0ecfb65659b33dc19b
469,https://quilt-public-production.s3.eu-west-1.amazonaws.com/public_images/991ee78e75bbe4b26bddbe7faf5a2096
470,https://quilt-public-production.s3.eu-west-1.amazonaws.com/public_images/ae3bf7c542fa9721fac6b793b382ec92
471,https://quilt-public-production.s3.eu-west-1.amazonaws.com/public_images/d6a6f7a3490475e0fec8368c31795fc0
501,https://quilt-public-production.s3.eu-west-1.amazonaws.com/public_images/057dfeef4ae4117ad9abe7f133922229
502,https://quilt-public-production.s3.eu-west-1.amazonaws.com/public_images/fc13b17c6f6cd0fe5a374edbdff094fe
503,https://quilt-public-production.s3.eu-west-1.amazonaws.com/public_images/c31b51e0fef5c32f284c0d760a62c551
505,https://quilt-public-production.s3.eu-west-1.amazonaws.com/public_images/f0085cc8a5561d28ddbbf9dd64e1cb22
520,https://quilt-public-production.s3.eu-west-1.amazonaws.com/public_images/4ba7f0e6aacb7da48cb60d231eff01ec
522,https://quilt-public-production.s3.eu-west-1.amazonaws.com/public_images/33c9ea93f2f7d1fb8985d1a5f1e0e181
523,https://quilt-public-production.s3.eu-west-1.amazonaws.com/public_images/282bf1d184a3106b3e339a02b5fd643c
524,https://quilt-public-production.s3.eu-west-1.amazonaws.com/public_images/e1c2ac7eec756924b15ebbca0d4fa22f
561,https://quilt-public-production.s3.eu-west-1.amazonaws.com/public_images/d01f9a76dc1e431424ad62a688578eab
562,https://quilt-public-production.s3.eu-west-1.amazonaws.com/public_images/82e4afee7e7a6ffc5265961eb303c07e
563,https://quilt-public-production.s3.eu-west-1.amazonaws.com/public_images/7fe216acb330061bcf7a65b2472362f8
564,https://quilt-public-production.s3.eu-west-1.amazonaws.com/public_images/00b9f5b526eb4a0aaf25167af5e38a7a
580,https://quilt-public-production.s3.eu-west-1.amazonaws.com/public_images/f5883febde2f692bee2de9befd7c7fe7
581,https://quilt-public-production.s3.eu-west-1.amazonaws.com/public_images/d8c3f89a51cc7d23368a47916cfe7473
640,https://quilt-public-production.s3.eu-west-1.amazonaws.com/public_images/91415ad072e5c7a5952abf104af3efc2
642,https://quilt-public-production.s3.eu-west-1.amazonaws.com/public_images/375987702120ed80cd13b59185b5f5bd
645,https://quilt-public-production.s3.eu-west-1.amazonaws.com/public_images/4b1238b60983c35639eb0a2ced4e5055
646,https://quilt-public-production.s3.eu-west-1.amazonaws.com/public_images/18680507b8852c54a7fff5f1df762a72
699,https://quilt-public-production.s3.eu-west-1.amazonaws.com/public_images/22822e08ab6b9e13bfffd5980d20b0b7
700,https://quilt-public-production.s3.eu-west-1.amazonaws.com/public_images/47b7a81372d88656a21c0b34019c9a55
701,https://quilt-public-production.s3.eu-west-1.amazonaws.com/public_images/793813339e234865184ca8b1262ee878
702,https://quilt-public-production.s3.eu-west-1.amazonaws.com/public_images/1e071974267165e4a14cba3092e5300c
703,https://quilt-public-production.s3.eu-west-1.amazonaws.com/public_images/c7c67833a30277f8c6be377c25939ec0
704,https://quilt-public-production.s3.eu-west-1.amazonaws.com/public_images/98a5297f0717751a049b6b93e8d8fe3c
730,https://quilt-public-production.s3.eu-west-1.amazonaws.com/public_images/ea720e6bab37eade513a402ac44ae62e
732,https://quilt-public-production.s3.eu-west-1.amazonaws.com/public_images/5b7ce688ba368bb135f9f82109047d23
733,https://quilt-public-production.s3.eu-west-1.amazonaws.com/public_images/a2019b020afeb811e1f62130bd9779dd
734,https://quilt-public-production.s3.eu-west-1.amazonaws.com/public_images/b3f52e9718e1fd110c281a4b1e6d9256
772,https://quilt-public-production.s3.eu-west-1.amazonaws.com/public_images/75984d578af1b299a095fb62b785d3e0
822,https://quilt-public-production.s3.eu-west-1.amazonaws.com/public_images/fcda5f4a4cdd614f978bd2d2f594eb37
890,https://quilt-public-production.s3.eu-west-1.amazonaws.com/public_images/03ce5554db8f531484f76ba6ffec50d8
895,https://quilt-public-production.s3.eu-west-1.amazonaws.com/public_images/3cefa294b1caa5e0515a6df89ffb58b0
904,https://quilt-public-production.s3.eu-west-1.amazonaws.com/public_images/a14c57305c45b03b837be66fb3be4fd9
905,https://quilt-public-production.s3.eu-west-1.amazonaws.com/public_images/49219aeecc37da4d575c5161808ba74c
906,https://quilt-public-production.s3.eu-west-1.amazonaws.com/public_images/c081bcd8153c40ababfea682dbab75be
907,https://quilt-public-production.s3.eu-west-1.amazonaws.com/public_images/372b6d0d3e8886321302640d2109c0dc
909,https://quilt-public-production.s3.eu-west-1.amazonaws.com/public_images/084eba93063a4670cdbf180a2b548aee
910,https://quilt-public-production.s3.eu-west-1.amazonaws.com/public_images/fc78b9dca7ef92dca956a7ad05f64aa8
911,https://quilt-public-production.s3.eu-west-1.amazonaws.com/public_images/9d3f4540f67fd34fd867c39ac25c7ed2
912,https://quilt-public-production.s3.eu-west-1.amazonaws.com/public_images/83027454b0e68f935e02134f2ddebc38
913,https://quilt-public-production.s3.eu-west-1.amazonaws.com/public_images/9ab14e7495cd3105f59d6ee0a677ddea
924,https://quilt-public-production.s3.eu-west-1.amazonaws.com/public_images/f2b7e063637ce3d3119b1998724b9196
926,https://quilt-public-production.s3.eu-west-1.amazonaws.com/public_images/9315b521b56dc4456ac4eabf9fa019b1
927,https://quilt-public-production.s3.eu-west-1.amazonaws.com/public_images/481fa7178f29234f800e896b8926bc61
928,https://quilt-public-production.s3.eu-west-1.amazonaws.com/public_images/dc4c74e22d871ef90fa6234ebb69b267
934,https://quilt-public-production.s3.eu-west-1.amazonaws.com/public_images/4e82b6197405e932e931b312556ac1f0
935,https://quilt-public-production.s3.eu-west-1.amazonaws.com/public_images/6f2947134790f6fea12d359c07df9035
936,https://quilt-public-production.s3.eu-west-1.amazonaws.com/public_images/e29d2c85b8e9c9806c9feb71b70fa0b4
937,https://quilt-public-production.s3.eu-west-1.amazonaws.com/public_images/3774c37ba31b5b9a306b20876a42b601
943,https://quilt-public-production.s3.eu-west-1.amazonaws.com/public_images/ac89c07721eddd7d7de84b6bb3455dc3
954,https://quilt-public-production.s3.eu-west-1.amazonaws.com/public_images/6315b866a9f2a54d03a88dbe30aa2ada
955,https://quilt-public-production.s3.eu-west-1.amazonaws.com/public_images/5d7a05a9dabdf6ff2afaed0ed70113c0
958,https://quilt-public-production.s3.eu-west-1.amazonaws.com/public_images/aba15772e2b5a759317820d792157676
959,https://quilt-public-production.s3.eu-west-1.amazonaws.com/public_images/286aad908b76ce78d8d1a3ea7a3116db
964,https://quilt-public-production.s3.eu-west-1.amazonaws.com/public_images/c72f3159e1d4de82acf5635e392d9fb4
966,https://quilt-public-production.s3.eu-west-1.amazonaws.com/public_images/c71b5f362d6d7e9fe5f11364782b128c
986,https://quilt-public-production.s3.eu-west-1.amazonaws.com/public_images/81589fbdafa8e47947e60a54c8d538f0
987,https://quilt-public-production.s3.eu-west-1.amazonaws.com/public_images/83e69b4963acec6b3b956768008e7fa0
988,https://quilt-public-production.s3.eu-west-1.amazonaws.com/public_images/129f64677ad7b78ca0e45f1acf940eb2
989,https://quilt-public-production.s3.eu-west-1.amazonaws.com/public_images/2aa9d4361659223356debd85262b2ed3
991,https://quilt-public-production.s3.eu-west-1.amazonaws.com/public_images/80bd375ad6995174299890a173150496
992,https://quilt-public-production.s3.eu-west-1.amazonaws.com/public_images/ac98b3eae4aa92f7a6bee5940be88f8f
993,https://quilt-public-production.s3.eu-west-1.amazonaws.com/public_images/e1bdfc89668a153a045e12ee2c11a0e8
151,https://quilt-public-production.s3.eu-west-1.amazonaws.com/public_images/d070c4030dc65368d8695d8d99f8d7b8
152,https://quilt-public-production.s3.eu-west-1.amazonaws.com/public_images/ce36ceb5a08d3c7c258aa4889d9a0514
223,https://quilt-public-production.s3.eu-west-1.amazonaws.com/public_images/0d2083f759ffeedea810f9aa0232b60a
224,https://quilt-public-production.s3.eu-west-1.amazonaws.com/public_images/f857a2a72bed9a6a96fb01efc97754d2
225,https://quilt-public-production.s3.eu-west-1.amazonaws.com/public_images/15b1fe0c1617c9fa35d741f4c6245f27
23,https://quilt-public-production.s3.eu-west-1.amazonaws.com/public_images/ce8782d3bdfbfd8e7ca221243e1e3854
3326,https://quilt-public-production.s3.eu-west-1.amazonaws.com/public_images/ac22fc83927685de24f1d5950c198188
335,https://quilt-public-production.s3.eu-west-1.amazonaws.com/public_images/a4cddade2f458ea0562cd0ddeaa63790
3354,https://quilt-public-production.s3.eu-west-1.amazonaws.com/public_images/c262e477c11219c494406a7f0915ba71
353,https://quilt-public-production.s3.eu-west-1.amazonaws.com/public_images/0440741858b10b50b4fc09e745f43674
3689,https://quilt-public-production.s3.eu-west-1.amazonaws.com/public_images/96bcdcdbbc99831b0f7da7b57ad7a9f0
3706,https://quilt-public-production.s3.eu-west-1.amazonaws.com/public_images/bd1e2dec7b7853ff99ddd6281d463450
3708,https://quilt-public-production.s3.eu-west-1.amazonaws.com/public_images/a3fdcd28087f5aa760fdfbe0e88e9671
3712,https://quilt-public-production.s3.eu-west-1.amazonaws.com/public_images/6d5923a3a79ed61a25f3d4730fbbaf6e
3713,https://quilt-public-production.s3.eu-west-1.amazonaws.com/public_images/83c910bd455d83cfc6ac21db5c96c735
3716,https://quilt-public-production.s3.eu-west-1.amazonaws.com/public_images/5ed38ffff3a13ca2f3d34cd4212d8c30
3731,https://quilt-public-production.s3.eu-west-1.amazonaws.com/public_images/3c8d387311dd7a48164ee62604498f0b
3733,https://quilt-public-production.s3.eu-west-1.amazonaws.com/public_images/3c6243c5d0d7881cb7ca761d2093a1d7
3824,https://quilt-public-production.s3.eu-west-1.amazonaws.com/public_images/16fb8c72b6530b607d34a62ed919fabf
3833,https://quilt-public-production.s3.eu-west-1.amazonaws.com/public_images/f12e770b80fc7fcd98893c3e24c27d3d
602,https://quilt-public-production.s3.eu-west-1.amazonaws.com/public_images/dd349f731330be5e9a536862b26ea12d
603,https://quilt-public-production.s3.eu-west-1.amazonaws.com/public_images/913cc2206e03f3562b54d6fb3131b569
604,https://quilt-public-production.s3.eu-west-1.amazonaws.com/public_images/70fe231d82ef3b05c564465c819af22c
605,https://quilt-public-production.s3.eu-west-1.amazonaws.com/public_images/fae1011c848fd4f2556eb3e939823d7d
760,https://quilt-public-production.s3.eu-west-1.amazonaws.com/public_images/18607e887341611d7088bca0962fd2de
761,https://quilt-public-production.s3.eu-west-1.amazonaws.com/public_images/4d85352186b7759c21b6df54ddfce18a
778,https://quilt-public-production.s3.eu-west-1.amazonaws.com/public_images/681977d622c581c02f889aaf5c2306d4
818,https://quilt-public-production.s3.eu-west-1.amazonaws.com/public_images/ab506120256bb112f993e43e960b6258
894,https://quilt-public-production.s3.eu-west-1.amazonaws.com/public_images/190f6833513854b48716bf69d3f67429
899,https://quilt-public-production.s3.eu-west-1.amazonaws.com/public_images/930da1be567e47b761bcdd841181e17a
956,https://quilt-public-production.s3.eu-west-1.amazonaws.com/public_images/86b6c3cfd4645f4d74073247fc45a428
957,https://quilt-public-production.s3.eu-west-1.amazonaws.com/public_images/9ef75bf6f3ce51dcde9e3fe2093a1047
961,https://quilt-public-production.s3.eu-west-1.amazonaws.com/public_images/c6d3976a329741df418f526d445579f8
962,https://quilt-public-production.s3.eu-west-1.amazonaws.com/public_images/df37d54976f2f03dc1dde1c3e3a0e7d3
963,https://quilt-public-production.s3.eu-west-1.amazonaws.com/public_images/89742950c479d2f9aa737a4add4a9868
967,https://quilt-public-production.s3.eu-west-1.amazonaws.com/public_images/c0548e8dfbf0427ac16ba7498dbfd0f3
153,https://quilt-public-production.s3.eu-west-1.amazonaws.com/public_images/7d78e5dfab2ab588528a21c282c29924
154,https://quilt-public-production.s3.eu-west-1.amazonaws.com/public_images/207ee59b5c27e6f739bcb563c4372625
155,https://quilt-public-production.s3.eu-west-1.amazonaws.com/public_images/9ffbc21a85a5470f473a0169497cf918
156,https://quilt-public-production.s3.eu-west-1.amazonaws.com/public_images/37ea01713c9e443d9520cae9ade03b6f
208,https://quilt-public-production.s3.eu-west-1.amazonaws.com/public_images/244441a0c781e98f50bb74786c6f1837
209,https://quilt-public-production.s3.eu-west-1.amazonaws.com/public_images/e1164ff822326f7137d746c86ac88167
210,https://quilt-public-production.s3.eu-west-1.amazonaws.com/public_images/504b299d3142b85fbd0b855709baf74d
211,https://quilt-public-production.s3.eu-west-1.amazonaws.com/public_images/49578802a4c5c4a96040a45dc1c65ebd
24,https://quilt-public-production.s3.eu-west-1.amazonaws.com/public_images/fc6f61e0af8a3e5d170e51b89bba5e22
25,https://quilt-public-production.s3.eu-west-1.amazonaws.com/public_images/8d3edb3c111878ca60c6ed49701a22d8
26,https://quilt-public-production.s3.eu-west-1.amazonaws.com/public_images/02226e426e08ba70668d4ecf8eeef79d
29,https://quilt-public-production.s3.eu-west-1.amazonaws.com/public_images/d861a2b1b21f50ac0e92f1b5367374ba
30,https://quilt-public-production.s3.eu-west-1.amazonaws.com/public_images/7f4e40b37cc186fba074d0776a8fd76b
3041,https://quilt-public-production.s3.eu-west-1.amazonaws.com/public_images/3ad90b8d82d85ff1ea595045720244b0
3042,https://quilt-public-production.s3.eu-west-1.amazonaws.com/public_images/3da94d6fe27c986459514927d6a8587d
31,https://quilt-public-production.s3.eu-west-1.amazonaws.com/public_images/ed1b4588bcfc39d7ddc504b102267ae1
315,https://quilt-public-production.s3.eu-west-1.amazonaws.com/public_images/876c8a03f706144c8d4253a34db6e23f
316,https://quilt-public-production.s3.eu-west-1.amazonaws.com/public_images/ca4cbfea7830c38cd46d295fe3bb7ed0
32,https://quilt-public-production.s3.eu-west-1.amazonaws.com/public_images/c950373011f53ab6ef4a427938f1ca16
327,https://quilt-public-production.s3.eu-west-1.amazonaws.com/public_images/eb2b869af55b53be87fa65ce29e1cdcc
33,https://quilt-public-production.s3.eu-west-1.amazonaws.com/public_images/2e987f06ba18d768b93f60ca58f384da
333,https://quilt-public-production.s3.eu-west-1.amazonaws.com/public_images/fa0a733bca64821b049ce5b06c362d57
34,https://quilt-public-production.s3.eu-west-1.amazonaws.com/public_images/39e9403dca69ccd4395d34a95eece7e4
340,https://quilt-public-production.s3.eu-west-1.amazonaws.com/public_images/7d0c1f0c1878d73536469bbcb10b5bd6
35,https://quilt-public-production.s3.eu-west-1.amazonaws.com/public_images/9d0aa4a77c8d3eb52d05fb8851228046
3607,https://quilt-public-production.s3.eu-west-1.amazonaws.com/public_images/1d8af79fe18a9df3de5590854442d55a
3608,https://quilt-public-production.s3.eu-west-1.amazonaws.com/public_images/75f9d621b884649d0128e54a88c08ded
3609,https://quilt-public-production.s3.eu-west-1.amazonaws.com/public_images/c12a3525da4ffffbdc6e8e623b364eb8
3687,https://quilt-public-production.s3.eu-west-1.amazonaws.com/public_images/da986a3cc3cb1ccf81643e0d22ede19e
3688,https://quilt-public-production.s3.eu-west-1.amazonaws.com/public_images/04c4416c1d88d8e0313d04a645cb1b99
3721,https://quilt-public-production.s3.eu-west-1.amazonaws.com/public_images/5219b7fd3d5db7f53c1e6b47fadc3810
3722,https://quilt-public-production.s3.eu-west-1.amazonaws.com/public_images/b2ae7ef8a3619617bea751444063bcbb
3726,https://quilt-public-production.s3.eu-west-1.amazonaws.com/public_images/e25d9f4c1547b354ab7e550522849a06
3727,https://quilt-public-production.s3.eu-west-1.amazonaws.com/public_images/33e452b50d364e23105b1c15f8ac381b
3740,https://quilt-public-production.s3.eu-west-1.amazonaws.com/public_images/7106c8484e0d1d495b32356354e1c07e
3743,https://quilt-public-production.s3.eu-west-1.amazonaws.com/public_images/1d3678e30d4bbada4080c1749cc0b9bd
3746,https://quilt-public-production.s3.eu-west-1.amazonaws.com/public_images/36191348e9d8c5af1a61d06737f0d2d1
3802,https://quilt-public-production.s3.eu-west-1.amazonaws.com/public_images/218b25fe3342c810d2492284125b531c
3803,https://quilt-public-production.s3.eu-west-1.amazonaws.com/public_images/a4889f8d416e223b613d2291ad020b2b
3804,https://quilt-public-production.s3.eu-west-1.amazonaws.com/public_images/4467e872f8bc756648195751449e48db
3805,https://quilt-public-production.s3.eu-west-1.amazonaws.com/public_images/25c5df46aa67f60c3315889006860ba5
3806,https://quilt-public-production.s3.eu-west-1.amazonaws.com/public_images/d450dd930ad61df5ae6818af5e4b0432
3834,https://quilt-public-production.s3.eu-west-1.amazonaws.com/public_images/a8edf22ce3a8ce67bb6d879208c2f5d0
3835,https://quilt-public-production.s3.eu-west-1.amazonaws.com/public_images/d1741fea99619f5e000c0e6a03b6fade
3836,https://quilt-public-production.s3.eu-west-1.amazonaws.com/public_images/9d5ead8fbbcbc534560b305bb906e485
3837,https://quilt-public-production.s3.eu-west-1.amazonaws.com/public_images/c6c27c365fa99fa171fe770be8d42b8a
550,https://quilt-public-production.s3.eu-west-1.amazonaws.com/public_images/7d045a5a0d3bbe9fc87aeab222657be0
552,https://quilt-public-production.s3.eu-west-1.amazonaws.com/public_images/08e55f95274e0a6965e9978dd9bd97b4
553,https://quilt-public-production.s3.eu-west-1.amazonaws.com/public_images/9051d64ed6c804d9af42ef736c3c68a6
554,https://quilt-public-production.s3.eu-west-1.amazonaws.com/public_images/ba0ce32fa6502eccec2436601fd5c3fc
718,https://quilt-public-production.s3.eu-west-1.amazonaws.com/public_images/ddc5d4a85841c9d4da021a23be469923
915,https://quilt-public-production.s3.eu-west-1.amazonaws.com/public_images/c0ede0060461f370e8d99049a33c84d1
917,https://quilt-public-production.s3.eu-west-1.amazonaws.com/public_images/16aa59a93b6a58299fade418260d85b8
3021,https://quilt-public-production.s3.eu-west-1.amazonaws.com/public_images/7387fc40f0464c9c9d2474c4b3316a63
3031,https://quilt-public-production.s3.eu-west-1.amazonaws.com/public_images/1d1052054888cb416878c05349d42539
310,https://quilt-public-production.s3.eu-west-1.amazonaws.com/public_images/bea16240fae7e39109d0fd194d3ba28a
3371,https://quilt-public-production.s3.eu-west-1.amazonaws.com/public_images/75fe53b89be4f00903a59d5e15d4bb50
823,https://quilt-public-production.s3.eu-west-1.amazonaws.com/public_images/1512b96b07246c856a34f90bb24087d6
844,https://quilt-public-production.s3.eu-west-1.amazonaws.com/public_images/aa7cf7502105a7b42f381d9f4acdf882
939,https://quilt-public-production.s3.eu-west-1.amazonaws.com/public_images/622bf2f1062a4d4f38d74d64908dc55d
3756,https://quilt-public-production.s3.eu-west-1.amazonaws.com/public_images/4a9d7ec5f4f7e9e8a0b7a7fdbe6868fc
3770,https://quilt-public-production.s3.eu-west-1.amazonaws.com/public_images/ec22a5b44ea82ecccc26975153bb290e
3865,https://quilt-public-production.s3.eu-west-1.amazonaws.com/public_images/b7e2b32c0dfbe8da6cc823efacff9ad8
3866,https://quilt-public-production.s3.eu-west-1.amazonaws.com/public_images/986cbfcb0811899d26bb43369e2cafe6
712,https://quilt-public-production.s3.eu-west-1.amazonaws.com/public_images/53dc99d7446a102a454d27c2da2156ee
746,https://quilt-public-production.s3.eu-west-1.amazonaws.com/public_images/6de72b4d9c7994a9b222c462e07d6ca6
762,https://quilt-public-production.s3.eu-west-1.amazonaws.com/public_images/3221f9a6ced6a752164bc94e70f9a067
819,https://quilt-public-production.s3.eu-west-1.amazonaws.com/public_images/a58cd1b33b3d30db686b3e7382bd638a
B5200,https://quilt-public-production.s3.eu-west-1.amazonaws.com/public_images/449d35927a59b5e3a1997d418c0c769c
BLANC,https://quilt-public-production.s3.eu-west-1.amazonaws.com/public_images/d85388775fa3fcce9ef03a16eaa96e96
ECRU,https://quilt-public-production.s3.eu-west-1.amazonaws.com/public_images/6285fd080d335b9ce6076bfa64d8ab55
336,https://quilt-public-production.s3.eu-west-1.amazonaws.com/public_images/e29d5519d58643f62357dc945d26469f
3685,
